1030827761412108288,Sat Aug 18 14:44:24 +0000 2018,teampebbleblack,"rt @shreyadhoundial: meet the hero flying that chopper. capt rajkumar (shaurya chakra) winched 26 people to safety yesterday , hovering bew‚Ä¶"
1030827762552958976,Sat Aug 18 14:44:25 +0000 2018,sathiah_saran,"rt @pttvonlinenews: ‡Æï‡Æ©‡ÆÆ‡Æ¥‡Øà, ‡Æµ‡ØÜ‡Æ≥‡Øç‡Æ≥‡Æ§‡Øç‡Æ§‡Ææ‡Æ≤‡Øç ‡Æ™‡Ææ‡Æ§‡Æø‡Æï‡Øç‡Æï‡Æ™‡Øç‡Æ™‡Æü‡Øç‡Æü‡ØÅ‡Æ≥‡Øç‡Æ≥ ‡Æï‡Øá‡Æ∞‡Æ≥‡Ææ‡Æµ‡ØÅ‡Æï‡Øç‡Æï‡ØÅ ‡Æ®‡Æü‡Æø‡Æï‡Æ∞‡Øç ‡Æ∞‡Æú‡Æø‡Æ©‡Æø‡Æï‡Ææ‡Æ®‡Øç‡Æ§‡Øç ‡Æ∞‡ØÇ.15 ‡Æ≤‡Æü‡Øç‡Æö‡ÆÆ‡Øç ‡Æ®‡Æø‡Æ§‡Æø‡ÆØ‡ØÅ‡Æ§‡Æµ‡Æø #keralafloods #keralarains #‚Ä¶"
1030827762385412098,Sat Aug 18 14:44:25 +0000 2018,karthik_n,"rt @guptar: modi government can spend rs 4300 crores on its own publicity, allegedly offer rs 100 crores per karnataka mlas to defect but f‚Ä¶"
1030827763278786560,Sat Aug 18 14:44:25 +0000 2018,rajeshbhadalkar,rt @rupa_60: sir please tell us what have you done for kerala relief? how much have you contributed? what actions have you taken? https://t‚Ä¶
1030827763400429569,Sat Aug 18 14:44:25 +0000 2018,bellagina9,"rt @barandbench: please forward and help!

#keralafloods #keralasos #keralafloodrelief https://t.co/kco0yfewiw"
1030827763475730433,Sat Aug 18 14:44:25 +0000 2018,Shubhankar04,"rt @ikamranshahid: dear friends in bengaluru,

if you are finding it difficult to send your stuff to kerala, here is an airforce plane read‚Ä¶"
1030827763996008449,Sat Aug 18 14:44:25 +0000 2018,SunitaG01593694,rt @shankhnaad: help's pouring in from all over the country from govts/individuals for #keralafloods. a massive display of our national ide‚Ä¶
1030827764344020992,Sat Aug 18 14:44:25 +0000 2018,SoorajVijayVfc1,"rt @vijayfanzh: fisherman's and indian navy and public,fire force and all teams 

salute to all of the rescue teams  
#keralafloods #kerala‚Ä¶"
1030827764599992320,Sat Aug 18 14:44:25 +0000 2018,rammitsharma,"rt @neo_pac: man who became billionaire from misery of #demonitization
for whom #modi advertised
who bought rs 82 cr house within the yr?
t‚Ä¶"
1030827764734144512,Sat Aug 18 14:44:25 +0000 2018,rakeshsingh1967,"@zeenewshindi @arvindkejriwal ‡§™‡§π‡§≤‡•á ‡§§‡•ã ‡§ñ‡•Å‡§¶ ‡§ï‡§æ ‡§è‡§ï ‡§µ‡§∞‡•ç‡§∑ ‡§ï‡§æ ‡§µ‡•á‡§§‡§® ‡§¶‡§æ‡§® ‡§ï‡§∞‡•á‡§Ç, ‡§∂‡•ç‡§∞‡•Ä‡§Æ‡§æ‡§® ‡§Ö‡§∞‡§µ‡§ø‡§Ç‡§¶ ‡§ú‡•Ä ‡§ï‡•á‡§ú‡§∞‡•Ä‡§µ‡§æ‡§≤, ‡§´‡§ø‡§∞ ‡§¶‡§ø‡§≤‡•ç‡§≤‡•Ä ‡§ï‡•á ‡§∏‡§∞‚Ä¶ https://t.co/hb12llbbnz"
1030827765560369153,Sat Aug 18 14:44:25 +0000 2018,PartyVillage017,"'most literate'
'ecologically sensitive' kerala is quitely pushing the thrash back into the river. let that sink in‚Ä¶ https://t.co/gkfre7bzb8"
1030827768106369025,Sat Aug 18 14:44:26 +0000 2018,niyaspanthu,"rt @imraina: stay strong kerala, entire nation is with you!

i strongly urge you all to do your bit and support people of kerala in this ex‚Ä¶"
1030827768999628800,Sat Aug 18 14:44:26 +0000 2018,nirupamakotru,"rt @jamewils: if anyone want to donate, please do it here..

chief minister's chief minister's distress relief fund, kerala 

#keralafloods‚Ä¶"
1030827769645608961,Sat Aug 18 14:44:26 +0000 2018,leninred_cpim,"rt @sitaramyechury: kerala has suffered a loss of nearly ‚Çπ 20,000 cr in these floods. the state had sought an *immediate* assistance of ‚Çπ 2‚Ä¶"
1030827771143090176,Sat Aug 18 14:44:27 +0000 2018,dspguru1589,ha ha ha hariadmk üòÇ ‡Æá‡Æ§‡ØÅ‡Æï‡Øç‡Æï‡ØÅ ‡Æ®‡ØÄ ‡Æ™‡Æø‡Æö‡Øç‡Æö‡Øà ‡Æé‡Æü‡ØÅ‡Æï‡Øç‡Æï‡Æ≤‡Ææ‡ÆÆ‡Øç! ‡ÆÖ‡Æ£‡Øç‡Æ£‡Æ©‡Øç ‡ÆÖ‡Æü‡Æø‡Æï‡Øç‡Æï‡Æü‡Æø ‡Æö‡ØÇ‡Æ§‡Øç‡Æ§‡Æø‡Æ∞‡Æ©‡Øç ‡Æé‡Æ©‡Øç‡Æ™‡Æ§‡Øà ‡ÆÆ‡Æ±‡Æ®‡Øç‡Æ§‡ØÅ ‡Æµ‡Æø‡Æü‡ØÅ‡Æï‡Æø‡Æ±‡Ææ‡Æ∞‡Øç! ‡Æâ‡Æ©‡Øç‡Æ©‡Øà‡ÆØ‡Øá ‡Æâ‡Æ≥‡Øç‡Æ≥‚Ä¶ https://t.co/wlwolvdj3j
1030827772841807872,Sat Aug 18 14:44:27 +0000 2018,ShamilManzor,"rt @amartya_asn_09: two youths of #bengal goes missing in #kerala
location : island near #earnakulam‚Äôs #manannagar area

#keralafloods
#ker‚Ä¶"
1030827773428809728,Sat Aug 18 14:44:27 +0000 2018,ranjan_abhigyan,"rt @sanjay_dixit: how many pfi workers went for flood relief works in kerala??? none                                             
how many‚Ä¶"
1030827774997659649,Sat Aug 18 14:44:28 +0000 2018,EpicRoflDon,"rt @preetismenon: this is our prime minister. a man who spent 4500 crores on advertising himself. 
he has only 500 crores for 4 crore peopl‚Ä¶"
1030827775467220992,Sat Aug 18 14:44:28 +0000 2018,Kailasofficial1,rt @cartoonistsan: #keralafloods @timesofindia https://t.co/mpit8668ae
1030827779577864193,Sat Aug 18 14:44:29 +0000 2018,mahirhaneefTOI,"""uttarakhand cm trivendra singh rawat announces rs 5 crore from the state government for flood-hit kerala. he will‚Ä¶ https://t.co/bsmxdajtbe"
1030827780479508480,Sat Aug 18 14:44:29 +0000 2018,vivekchanpatiya,rt @kanhaiyakumar: ‡§á‡§∏‡•á ‡§∏‡§Ç‡§ò‡§ø‡§Ø‡•ã‡§Ç ‡§ï‡§æ ‡§Æ‡§æ‡§®‡§∏‡§ø‡§ï ‡§¶‡§ø‡§µ‡§æ‡§≤‡§ø‡§Ø‡§æ‡§™‡§® ‡§π‡•Ä ‡§ï‡§π‡§æ ‡§ú‡§æ‡§è‡§ó‡§æ ‡§ï‡§ø ‡§µ‡•á ‡§ï‡•á‡§∞‡§≤ ‡§Æ‡•á‡§Ç ‡§Ü‡§à ‡§≠‡•Ä‡§∑‡§£ ‡§¨‡§æ‡§¢‡§º ‡§Æ‡•á‡§Ç ‡§≠‡•Ä ‡§π‡§ø‡§Ç‡§¶‡•Ç-‡§Æ‡•Å‡§∏‡•ç‡§≤‡§ø‡§Æ ‡§ñ‡•á‡§≤ ‡§∞‡§π‡•á ‡§π‡•à‡§Ç ‡§î‡§∞ ‡§ï‡•á‡§µ‡§≤ ‡§π‡§ø‡§Ç‡§¶‡•Ç‚Ä¶
1030827780848533504,Sat Aug 18 14:44:29 +0000 2018,Wolverin81,rt @cmomaharashtra: around 6.5 ton of food packets delivered by govt of maharashtra to coast guard ship at worli dock to dispatch for #kera‚Ä¶
1030827781574127617,Sat Aug 18 14:44:29 +0000 2018,saandah,"rt @affanak: over 46,000 cattle (including cows) have perished in #keralafloods the central governement should declare it a national disast‚Ä¶"
1030827783126114306,Sat Aug 18 14:44:30 +0000 2018,budbak__,"rt @aartic02: i will donate rs 2 per rt for #keralafloods in next 12 hours.
lets help our country men facing the wrath of nature in kerala.‚Ä¶"
1030827784036392961,Sat Aug 18 14:44:30 +0000 2018,Yogeshwar_AAP,"rt @aaprajeshrishi: ‡§ï‡•á‡§∞‡§≤ ‡§ï‡•ã ‡§¨‡§æ‡§¢‡§º ‡§∞‡§æ‡§π‡§§ ‡§ï‡•á ‡§≤‡§ø‡§è ‡§¨‡•Ä‡§ú‡•á‡§™‡•Ä ‡§õ‡•ã‡§°‡§º ‡§Ö‡§®‡•ç‡§Ø ‡§∞‡§æ‡§ú‡•ç‡§Ø‡•ã ‡§®‡•á 70‡§ï‡§∞‡•ã‡§°‡§º ‡§¶‡§ø‡§è
‡§Ü‡§Ç‡§ß‡•ç‡§∞‡§æ 5‡§ï‡§∞‡•ã‡§°‡§º
‡§¶‡§ø‡§≤‡•ç‡§≤‡•Ä 10 ‡§ï‡§∞‡•ã‡§°‡§º
‡§ï‡§∞‡•ç‡§®‡§æ‡§ü‡§ï 10 ‡§ï‡§∞‡•ã‡§°‡§º
‡§™‡§Ç‡§ú‡§æ‡§¨ 10‚Ä¶"
1030827785638559744,Sat Aug 18 14:44:30 +0000 2018,ftblacnt,"rt @sdeibar: hi india. our pedro le√≥n has a special message for you all.
#staystrongkerala #keralafloods https://t.co/ojhno7eha9"
1030827786821410816,Sat Aug 18 14:44:30 +0000 2018,Sunil_Dharan,rt @nairshilpa1308: went and met former kerala cm oommen chandy. he is making frantic calls to provide help to those in need. he says he ca‚Ä¶
1030827787765080065,Sat Aug 18 14:44:31 +0000 2018,AfzalHussinKha1,rt @dgpup: deeply saddened by the loss of valuable lives &amp; mass destruction caused by the kerala floods. @uppolice prays for the safety &amp; w‚Ä¶
1030827788155084800,Sat Aug 18 14:44:31 +0000 2018,shakkiryaan,rt @sardesairajdeep: shameful to see such tweets in kerala‚Äôs hour of crisis.. the state needs human empathy not divine absurdity.. rather t‚Ä¶
1030827788016775169,Sat Aug 18 14:44:31 +0000 2018,niyas_mkm,"rt @vfckeralagirls: ‡¥Æ‡¥¥‡¥ï‡µç‡¥ï‡µÜ‡¥ü‡µÅ‡¥§‡¥ø‡¥Ø‡¥ø‡µΩ ‡¥¶‡µÅ‡¥∞‡¥ø‡¥§‡¥Ç ‡¥Ö‡¥®‡µÅ‡¥≠‡¥µ‡¥ø‡¥ï‡µç‡¥ï‡µÅ‡¥®‡µç‡¥® ‡¥®‡¥Æ‡µç‡¥Æ‡µÅ‡¥ü‡µÜ ‡¥™‡µç‡¥∞‡¥ø‡¥Ø ‡¥∏‡¥π‡µã‡¥¶‡¥∞‡¥ô‡µç‡¥ô‡µæ‡¥ï‡µç‡¥ï‡µç  all india head thalapathy dr. vijay makkal iyakkam
 vij‚Ä¶"
1030827788314599424,Sat Aug 18 14:44:31 +0000 2018,JakhmolaShreeya,rt @bangtanindia: as you all know a part of our country struggles through great tragedy. you can do your part by helping them by giving eve‚Ä¶
1030827789006434305,Sat Aug 18 14:44:31 +0000 2018,VarshaR35285233,"rt @amit_gujju: had conversation with dalla @kunalkamra88, he said if this tweets get 1000 rts he will donate full earning of his 24th augu‚Ä¶"
1030827790126395392,Sat Aug 18 14:44:31 +0000 2018,imthrlk,"rt @jobythomaz: ‡¥Ü‡¥≤‡µÅ‡¥µ ‡¥ó‡¥Ø‡µç‡¥∏‡µç‚Äå ‡¥∂‡µç‡¥∞‡¥¶‡µç‡¥ß‡¥ø‡¥ï‡µç‡¥ï‡µÅ‡¥Æ‡¥≤‡µç‡¥≤‡µã.!
#keralafloods #keralafloodreleif https://t.co/14jyypen2r"
1030827791497883650,Sat Aug 18 14:44:32 +0000 2018,shalam_srk,rt @srk_bangalore: #keralafloods please let's all pray for kerala. let's do our bit and help the people. https://t.co/8s2jmplvhf
1030827790440914944,Sat Aug 18 14:44:31 +0000 2018,KedarJoglekar,"folks in kerala need help; in form of supplies/clothes or money.

donate generously: 
https://t.co/fjhqwjcmgh‚Ä¶ https://t.co/lkuzawkhb1"
1030827792286371843,Sat Aug 18 14:44:32 +0000 2018,ashishsomkuor,#banrss
1030827795256168448,Sat Aug 18 14:44:32 +0000 2018,ksmsundaram1975,rt @ani: i spoke to kerala cm today. we've decided that a train full of rice worth around rs 7.5 crores will leave for kerala tomorrow. 3 c‚Ä¶
1030827795742507009,Sat Aug 18 14:44:33 +0000 2018,Pvjain4,rt @ani: i spoke to kerala cm today. we've decided that a train full of rice worth around rs 7.5 crores will leave for kerala tomorrow. 3 c‚Ä¶
1030827795981774848,Sat Aug 18 14:44:33 +0000 2018,unnis_m,67 ‡¥π‡µÜ‡¥≤‡¥ø‡¥ï‡µã‡¥™‡µç‡¥±‡µç‡¥±‡¥±‡µÅ‡¥ï‡¥≥‡µÅ‡¥Ç 27 ‡¥é‡¥Ø‡µº‡¥ï‡µç‡¥∞‡¥´‡µç‡¥±‡µç‡¥±‡µÅ‡¥ï‡¥≥‡µÅ‡¥Ç ‡¥®‡¥ø‡¥≤‡¥µ‡¥ø‡µΩ ‡¥ï‡µá‡¥∞‡¥≥‡¥§‡µç‡¥§‡¥ø‡µΩ ‡¥â‡¥≥‡µç‡¥≥‡¥§‡¥ø‡¥®‡µç ‡¥™‡µÅ‡¥±‡¥Æ‡µÜ‡¥Ø‡¥æ‡¥£‡µç ‡¥á‡¥§‡µç.‡¥≠‡¥ï‡µç‡¥∑‡¥£‡¥µ‡µÅ‡¥Ç ‡¥Æ‡¥∞‡µÅ‡¥®‡µç‡¥®‡µÅ‡¥Ç ‡¥é‡¥§‡µç‡¥§‡¥ø‡¥ï‡µç‡¥ï‡¥æ‡µª ‡¥§‡¥ø‡¥∞‡µÅ‡¥µ‚Ä¶ https://t.co/sdvc15wnu3
1030827796925280256,Sat Aug 18 14:44:33 +0000 2018,ashokku90446260,"rt @roshen_s: @eoin16 üôèüôè

thanks....

#doforkerala #donateforkerala 
#keralafloods https://t.co/75cgap1aso"
1030827800679264256,Sat Aug 18 14:44:34 +0000 2018,avinash_mailme,rt @sureshpprabhu: the flight operations between bangalore and cochin naval airbase will be starting from 20th august morning. more destina‚Ä¶
1030827801560211456,Sat Aug 18 14:44:34 +0000 2018,Shahidquadir2,"rt @httweets: #keralafloods | college student trolled for selling fish donates rs 1.5 lakh to kerala flood relief
https://t.co/5vdsxvjar9 h‚Ä¶"
1030827802457604097,Sat Aug 18 14:44:34 +0000 2018,Lavanya38136863,"rt @sachin_rt: respect and deep admiration for the @iaf_mcc, @indiannavy, @adgpi and other rescue forces in kerala. your consistent and rem‚Ä¶"
1030827803095130113,Sat Aug 18 14:44:34 +0000 2018,StillNotFound_,"rt @bankimistry: @aartic02 #metoo 
i also would #donate 
rs 2 per #rt 
and
rs 1 per #like 
till 10am 19th august, 2018 
for #keralafloods .‚Ä¶"
1030827803497787393,Sat Aug 18 14:44:34 +0000 2018,disruptor_v,rt @jnu_voice: students from kerala and activist join protest demanding centre government to immediately release more fund for flood victim‚Ä¶
1030827803623731200,Sat Aug 18 14:44:34 +0000 2018,joshmachine1973,"rt @hariindic: sabarimala ayyappan temple..

no law is above god... if u permit everyone, he denies everyone. #keralafloods https://t.co/ph‚Ä¶"
1030827803933986816,Sat Aug 18 14:44:34 +0000 2018,ShamilManzor,rt @rrpmalayil: our brave fishermen in action. ignore hate mongers. we can overcome the challenges @cmokerala need to appreciate their aid‚Ä¶
1030827804877701121,Sat Aug 18 14:44:35 +0000 2018,NitinShetty88,"rt @thezaiduleaks: @annavetticad shiekhs from middle east dressed in indian army uniform helping victims in #keralafloods 

this facist mod‚Ä¶"
1030827806073208833,Sat Aug 18 14:44:35 +0000 2018,GouravGoelShinu,"rt @bitiitb: i will donate ‚Çπ2 per rt and after 200rts ‚Çπ3 per rt, max.‚Çπ1000 #keralafloods"
1030827806257639424,Sat Aug 18 14:44:35 +0000 2018,Nanditap_twits,"rt @pssomas: #keralafloodrelief #keralafloods #keraladonationchallenge #keralaflood
guys please accept the #keraladonationchallenge

@kasth‚Ä¶"
1030827806513606656,Sat Aug 18 14:44:35 +0000 2018,imnooz,"rt @iam_ramshad_cmr: ‡¥ó‡µÅ‡¥∞‡µÅ‡¥µ‡¥æ‡¥Ø‡µÇ‡¥∞‡¥ø‡µΩ ‡¥π‡µã‡µº‡¥ü‡µç‡¥ü‡¥ø‡¥ï‡µã‡µº‡¥™‡µç ‡¥®‡µç ‡¥ï‡µÄ‡¥¥‡¥ø‡µΩ, ‡¥¶‡µÅ‡¥∞‡¥ø‡¥§‡¥æ‡¥∂‡µç‡¥µ‡¥æ‡¥∏ ‡¥ï‡µç‡¥Ø‡¥æ‡¥Æ‡µç‡¥™‡µÅ‡¥ï‡¥≥‡¥ø‡¥≤‡µá‡¥Ø‡µç‡¥ï‡µç‡¥ï‡µç ‡¥Ü‡¥µ‡¥∂‡µç‡¥Ø‡¥Æ‡¥æ‡¥Ø ‡¥™‡¥ö‡µç‡¥ö‡¥ï‡µç‡¥ï‡¥±‡¥ø‡¥ï‡µæ ‡¥∏‡µó‡¥ú‡¥®‡µç‡¥Ø‡¥Æ‡¥æ‡¥Ø‡¥ø ‡¥®‡µΩ‡¥ï‡µÅ‡¥®‡µç‡¥®‡µÅ‡¥£‡µç‡¥ü‡µç.  ‡¥ï‡µç‡¥Ø‡¥æ‚Ä¶"
1030827807297814529,Sat Aug 18 14:44:35 +0000 2018,RDVijay45,"rt @thanthitv: ‡Æï‡Øá‡Æ∞‡Æ≥ ‡Æµ‡ØÜ‡Æ≥‡Øç‡Æ≥ ‡Æ™‡Ææ‡Æ§‡Æø‡Æ™‡Øç‡Æ™‡ØÅ‡Æï‡Øç‡Æï‡ØÅ, ‡Æ®‡Æü‡Æø‡Æï‡Æ∞‡Øç ‡Æ∞‡Æú‡Æø‡Æ©‡Æø ‡Æ∞‡ØÇ 15 ‡Æ≤‡Æü‡Øç‡Æö‡ÆÆ‡Øç ‡Æ®‡Æø‡Æ§‡Æø‡ÆØ‡ØÅ‡Æ§‡Æµ‡Æø..
#rajinikanth | #keralafloods
@rajinikanth https://t.co/r36cjj‚Ä¶"
1030827808874848257,Sat Aug 18 14:44:36 +0000 2018,WeRBeedkars,rt @cmomaharashtra: around 6.5 ton of food packets delivered by govt of maharashtra to coast guard ship at worli dock to dispatch for #kera‚Ä¶
1030827809013264392,Sat Aug 18 14:44:36 +0000 2018,thiruvallatw,"rt @brututweets: ‡¥Ö‡µΩ‡¥™‡µç‡¥™‡¥Ç ‡¥µ‡µÜ‡¥≥‡µç‡¥≥‡¥Æ‡µã, ‡¥™‡¥æ‡¥≤‡µã 5 ‡¥Æ‡¥æ‡¥∏‡¥Ç ‡¥™‡µç‡¥∞‡¥æ‡¥Ø‡¥Æ‡¥æ‡¥Ø ‡¥ï‡µÅ‡¥û‡µç‡¥û‡¥ø‡¥®‡µç ‡¥é‡¥§‡µç‡¥§‡¥ø‡¥ï‡µç‡¥ï‡¥æ‡¥Æ‡µã ?
 
3 ‡¥¶‡¥ø‡¥µ‡¥∏‡¥Æ‡¥æ‡¥Ø‡¥ø. ‡¥§‡¥ø‡¥∞‡µÅ‡¥µ‡¥≤‡µç‡¥≤, ‡¥§‡µÜ‡¥ô‡µç‡¥ô‡µá‡¥≤‡¥ø ‡¥Ö‡¥Æ‡µç‡¥™‡¥æ‡¥ü‡¥ø‡¥´‡¥æ‡¥Æ‡¥ø‡¥®‡µÅ ‡¥∏‡¥Æ‡µÄ‡¥™‡¥Ç.
 
‡¥∑‡¥æ‡¥ú‡¥ø 9‚Ä¶"
1030827809135112192,Sat Aug 18 14:44:36 +0000 2018,Minukalasuva,rt @shehzad_ind: #indiaforkerala i am live here to tell u how to help #keralafloods  https://t.co/tlpy7jtntx
1030827809306947584,Sat Aug 18 14:44:36 +0000 2018,creativedream16,rt @rupasubramanya: so lord ayyapa may be taking revenge on innocents because some are fighting in the sc to allow women into the temple.if‚Ä¶
1030827809445306369,Sat Aug 18 14:44:36 +0000 2018,lakshnr,help us. #keralafloods #humanityfirst #armysforkerala every contribution is precious right now. don't hesitate. it‚Ä¶ https://t.co/mtojtpcrqy
1030827811970281477,Sat Aug 18 14:44:36 +0000 2018,shalam_srk,"rt @srk_bangalore: #keralafloodrelief we will be sending out blankets,dresses. please pray for those affected by #keralafloods https://t.co‚Ä¶"
1030827813358772224,Sat Aug 18 14:44:37 +0000 2018,bhASAntika,rt @sgurumurthy: supreme court judges may like to see if there is any connection between the case and what is happening in sabarimala. even‚Ä¶
1030827814646427649,Sat Aug 18 14:44:37 +0000 2018,aananth95,members of tamilnadu road transport unions to contribute their one day salary towards kerala flood relief‚Ä¶ https://t.co/fxr7swfut1
1030827816127004672,Sat Aug 18 14:44:37 +0000 2018,Chennai_Knight,"rt @aartic02: i will donate rs 2 per rt for #keralafloods in next 12 hours.
lets help our country men facing the wrath of nature in kerala.‚Ä¶"
1030827816340914177,Sat Aug 18 14:44:37 +0000 2018,MIT1359,"rt @preetismenon: this is our prime minister. a man who spent 4500 crores on advertising himself. 
he has only 500 crores for 4 crore peopl‚Ä¶"
1030827819197259776,Sat Aug 18 14:44:38 +0000 2018,iAmVikas_____,"rt @daas_pankaj: @ani ‡§Ü‡§¶‡§∞‡§£‡•Ä‡§Ø ‡§Æ‡•Å‡§ñ‡•ç‡§Ø‡§Æ‡§Ç‡§§‡•ç‡§∞‡•Ä ‡§∂‡•ç‡§∞‡•Ä @jairamthakurbjp ‡§ú‡•Ä, ‡§Ü‡§™‡§®‡•á ‡§¨‡§æ‡§¢ ‡§™‡•ç‡§∞‡§≠‡§æ‡§µ‡§ø‡§§ ‡§ï‡•á‡§∞‡§≤ ‡§ï‡•Ä ‡§ñ‡•Å‡§≤‡•á ‡§¶‡§ø‡§≤ ‡§∏‡•á ‡§Æ‡§¶‡§¶ ‡§ï‡§∞‡§ï‡•á ‡§è‡§ï ‡§∏‡§∞‡§æ‡§π‡§®‡•Ä‡§Ø ‡§è‡§µ‡§Ç ‡§™‡•ç‡§∞‡•á‡§∞‡§£‡§æ‡§¶‡§æ‡§Ø‚Ä¶"
1030827819905904640,Sat Aug 18 14:44:38 +0000 2018,alistergodwin,"rt @tushizap: google maps with locations or relief camps and other resources related to flood relief. 

https://t.co/5jbdnnu5gi #keralafloo‚Ä¶"
1030827820413583361,Sat Aug 18 14:44:38 +0000 2018,shibayanraha,"no sir, this is climate change and reckless development mixed together. nothing to do with a supreme court judgemen‚Ä¶ https://t.co/3qtjwcvwg3"
1030827821403385856,Sat Aug 18 14:44:39 +0000 2018,mukullsatyam,rt @ani: i spoke to kerala cm today. we've decided that a train full of rice worth around rs 7.5 crores will leave for kerala tomorrow. 3 c‚Ä¶
1030827821785120769,Sat Aug 18 14:44:39 +0000 2018,GeorgekurianINC,"rt @simmiahuja_: hinduism teaches us humanity.. teaches us equality.. 
u r talking about rss ideology. not hinduism.. 
just think why lord‚Ä¶"
1030827822258876416,Sat Aug 18 14:44:39 +0000 2018,paathumma5,"not verified...if anybody can verify please forward.

‡¥Ö‡¥§‡µç‡¥Ø‡¥æ‡¥µ‡¥∂‡µç‡¥Ø‡¥Æ‡¥æ‡¥Ø‡¥ø ‡¥´‡µÅ‡¥°‡µç ‡¥µ‡µá‡¥£‡¥Ç . ‡¥Ü‡¥π‡¥æ‡¥∞‡¥Æ‡¥ø‡¥≤‡µç‡¥≤‡¥û‡µç‡¥û‡¥ø‡¥ü‡µç‡¥ü‡µç ‡¥ï‡µÅ‡¥ü‡µç‡¥ü‡¥ø‡¥ï‡µæ vomit ‡¥ö‡µÜ‚Ä¶ https://t.co/cstuli2whp"
1030827822946967552,Sat Aug 18 14:44:39 +0000 2018,sivadasn,"rt @avs_ind: ‡¥§‡µä‡¥ü‡µÅ‡¥™‡µÅ‡¥¥: ‡¥â‡¥ü‡µÅ‡¥Æ‡µç‡¥™‡¥®‡µç‡¥®‡µÇ‡¥∞‡¥ø‡µΩ ‡¥∞‡¥ï‡µç‡¥∑‡¥æ‡¥™‡µç‡¥∞‡¥µ‡µº‡¥§‡µç‡¥§‡¥®‡¥Ç ‡¥®‡¥ü‡¥§‡µç‡¥§‡µÅ‡¥®‡µç‡¥® rss ‡¥™‡µç‡¥∞‡¥µ‡µº‡¥§‡µç‡¥§‡¥ï‡µº, ‡¥µ‡¥≥‡¥∞‡µÜ ‡¥∏‡¥æ‡¥π‡¥∏‡¥ø‡¥ï‡¥Æ‡¥æ‡¥Ø‡¥æ‡¥£‡µç ‡¥Ü‡µº‡¥Æ‡¥ø‡¥Ø‡µÅ‡¥ü‡µÜ ‡¥∏‡¥π‡¥æ‡¥Ø‡¥Ç ‡¥é‡¥§‡µç‡¥§‡¥æ‡¥§‡µç‡¥§‡¥ø‡¥ü‡¥§‡µç‡¥§‡µÅ ‡¥∏‡µç‡¥µ‡¥Ø‡¥Ç ‡¥∏‡µá‡¥µ‡¥ï‡µº‚Ä¶"
1030827825215852544,Sat Aug 18 14:44:40 +0000 2018,kameehaameeha,"rt @imraina: stay strong kerala, entire nation is with you!

i strongly urge you all to do your bit and support people of kerala in this ex‚Ä¶"
1030827825933119488,Sat Aug 18 14:44:40 +0000 2018,Muthu_k_,"rt @news18tamilnadu: #breaking | ‡Æµ‡ØÜ‡Æ≥‡Øç‡Æ≥‡ÆÆ‡Øç ‡Æ™‡Ææ‡Æ§‡Æø‡Æ§‡Øç‡Æ§ ‡Æï‡Øá‡Æ∞‡Æ≥‡Ææ‡Æµ‡ØÅ‡Æï‡Øç‡Æï‡ØÅ ‡Æ®‡Æü‡Æø‡Æï‡Æ∞‡Øç ‡Æ∞‡Æú‡Æø‡Æ©‡Æø‡Æï‡Ææ‡Æ®‡Øç‡Æ§‡Øç ‚Çπ15 ‡Æ≤‡Æü‡Øç‡Æö‡ÆÆ‡Øç ‡Æ®‡Æø‡Æ§‡Æø ‡Æâ‡Æ§‡Æµ‡Æø

#keralafloods @rajinikanth"
1030834428694732800,Sat Aug 18 15:10:54 +0000 2018,VirenderjitSin2,"RT @HiraLALMeenainc: A month's salary for the flood victims of Kerala Congress MP, MLA Mr. @RahulGandhi ji said that party every ..."
1030834429919293440,Sat Aug 18 15:10:54 +0000 2018,vaibhav180785,"RT @BritishDesi: Dear Kerala,
India is with you. Don't fall for the divisive Commie Agenda.
Andhra 10cr
Bihar 10cr
Delhi 10cr
Gujarat 10cr‚Ä¶"
1030834430259019778,Sat Aug 18 15:10:54 +0000 2018,ashokakjha,"RT @excomradekerala: #KeralaFloods Army cannot be given full control, says @cpimspeak state secretary Balakrishnan. Somebody should enlight‚Ä¶"
1030834429818818560,Sat Aug 18 15:10:54 +0000 2018,Shashwat014,"When u put garbage in nature, nature has a way to give it back to you. Post this calamity let India unite &amp; try to‚Ä¶ https://t.co/TfwFdkYLJy"
1030834430980632576,Sat Aug 18 15:10:54 +0000 2018,naveed111,"RT @jairajp: #KeralaFloods: Top 10 Developments https://t.co/1EfQppcvH9
1) #Kerala CM P Vijayan asked for ‚Çπ25,000 Crores, modi ji has given‚Ä¶"
1030838801541750784,Sat Aug 18 15:28:17 +0000 2018,sreekum83851252,RT @khaleejtimes: Live: #India PM @narendramodi thanks #Dubai's Sheikh Mohammed for 'gracious' #KeralaFloods relief support https://t.co/7X‚Ä¶
1030839042475257856,Sat Aug 18 15:29:14 +0000 2018,simeon5559,"RT @varungandhi80: With over 300 people dead and more than 3.14 lakh displaced, the devastating #KeralaFloods are truly a national calamity‚Ä¶"
1030839043167113216,Sat Aug 18 15:29:14 +0000 2018,abhishvaibhavam,"RT @manukumarjain: #Xiaomi is supplying thousands of fully charged Mi PowerBanks to relief camps in #Kerala, with help of @CNNnews18.

Resp‚Ä¶"
1030839043594932224,Sat Aug 18 15:29:14 +0000 2018,csarunkumar,RT @ishafoundation: #KeralaFloods #IndiaForKerala #SOSKerala https://t.co/MQHsP3PLmJ
1030839043683016704,Sat Aug 18 15:29:14 +0000 2018,Pankaj_NaMo,RT @PrinceArihan: The Archbishop of Goa has asked people to prayer and donate for the #KeralaFloods. And we should do our bit. I wonder wha‚Ä¶
1030839043192307712,Sat Aug 18 15:29:14 +0000 2018,mcool3318,"RT @VijayFansTrends: Kerala flood relief By Vijay Idhayam Girls Trivandrum District Committee! 
#KeralaFloodRelief #KeralaFloods #DoForKera‚Ä¶"
1030839045746618368,Sat Aug 18 15:29:15 +0000 2018,DINESHC42728009,"RT @HiraLALMeenainc: A month's salary for the flood victims of Kerala Congress MP, MLA Mr. @RahulGandhi ji said that party every ..."
1030839046350630912,Sat Aug 18 15:29:15 +0000 2018,aazimsaifi000,"RT @SuhaibBadshah9: I will Donate Rs 5 per RT for #KeralaFloods in next 12 Hours.
Lets Help Our Country Men facing the Wrath of Nature in K‚Ä¶"
1030839045855830021,Sat Aug 18 15:29:15 +0000 2018,FanOfPPBajpai,@UmarKhalidJNU @IronyOfIndia_ @SureshChavhanke https://t.co/X3rCd7WnSN
1030839047491481600,Sat Aug 18 15:29:15 +0000 2018,prathap56778589,"RT @VijayFansTrends: Kerala flood relief By Vijay Idhayam Girls Trivandrum District Committee! 
#KeralaFloodRelief #KeralaFloods #DoForKera‚Ä¶"
1030839048695361536,Sat Aug 18 15:29:15 +0000 2018,piyushakak4,"RT @ piyushakak4: All MLAs of Kejriwal, MPs, ministers will give Kerala a month's salary for the help of flood victims! Do the BJP leaders do this ..."
1030839048779313153,Sat Aug 18 15:29:15 +0000 2018,___sayeed___,"RT @Ibrahim_Alameri: small contribution from me and my family, we have donated 1000 Dirhams (20000 INR),blankets, shoes and school bags to‚Ä¶"
1030839050641391623,Sat Aug 18 15:29:16 +0000 2018,venkatrcfan,RT @agauravsingh: She is my friend. Please rt #KeralaFloods #KeralaSOS #KeralaFloodRelief https://t.co/SO7CQO4hwK
1030839416535887873,Sat Aug 18 15:30:43 +0000 2018,AnkitSi37710344,RT @sambitswaraj: üôè ‡•ê ‡§∂‡§æ‡§Ç‡§§‡§ø https://t.co/WKB9y6xZer
1030839417106092032,Sat Aug 18 15:30:43 +0000 2018,Anoopthalafan,RT @Dileep_Online: #KeralaFloods https://t.co/yhZAb5WMY5
1030839418246983680,Sat Aug 18 15:30:44 +0000 2018,AJMAL_MILAN,"RT @Forumkeralam1: Actor #SalimKumar and family who were stranded for around 3 days have finally been rescued we hear

@edakkamannil @JohnB‚Ä¶"
1030839418540572672,Sat Aug 18 15:30:44 +0000 2018,treeforever_in,"RT @tuttoori_app: Don't pray for kerala. Do For Kerala

RT &amp; Spread the initiative.

#DoForKerala #KeralaFloods #KeralaFloodRelief #Lakshmi‚Ä¶"
1030839420163780608,Sat Aug 18 15:30:44 +0000 2018,Akhilvg_offl,RT @ANI: Around 6.5 ton of food packets were delivered by Government of Maharashtra to Coast Guard at Worli Dock today to dispatch for #Ker‚Ä¶
1030839420331601920,Sat Aug 18 15:30:44 +0000 2018,vashisht_suri,"#KeralaSOS #KeralaFloods while everyone's doing their bit to help the state, I also made a small contribution..

..‚Ä¶ https://t.co/44RGCZQb5g"
1030839422927818752,Sat Aug 18 15:30:45 +0000 2018,aniljothomas,"RT @AngellicAribam: Doctors needed for #KeralaFloods medical help. 
Please share this amongst your network, if possible. Thank you.
https:/‚Ä¶"
1030839422814707713,Sat Aug 18 15:30:45 +0000 2018,Stormbreaker__,RT @Srk_bangalore: #KeralaFloods please let's all pray for Kerala. Let's do our bit and help the people. https://t.co/8S2JMPLVhf
1030839423221420033,Sat Aug 18 15:30:45 +0000 2018,RjSniper8097,RT @RjSniper8097: @stayfreeindia #sanitarynapkins #Keralafloods
1030839422885875712,Sat Aug 18 15:30:45 +0000 2018,Vinoth60279902,RT @Trollpathy: Pollachi Ajith Fans have arranged relief materials along with vehicle. Pls contact the below person and request Thala fans‚Ä¶
1030839424643256321,Sat Aug 18 15:30:45 +0000 2018,Ashok_Theni,RT @PTTVOnlineNews: Kerala: Helicopter landed in the tip of the house and rescue the victims to flood victims! # Kera ...
1030839424643424256,Sat Aug 18 15:30:45 +0000 2018,NikharYogesh,"RT @ rajbhakt16: The floods in Kerala are terrible, there is no way to become water drain. The land is being released due to the continuous rain. The water fell ..."
1030839425511505920,Sat Aug 18 15:30:45 +0000 2018,kranjjeet,"RT @ChandrakalaIas: #KeralaFloodRelief #KeralaFloods 
Please help &amp; support. @CMOKerala https://t.co/OEqXd44ypk"
1030839425511510016,Sat Aug 18 15:30:45 +0000 2018,Anandu202,#KeralaFloods
1030839425737998342,Sat Aug 18 15:30:45 +0000 2018,naresh_sanga,"Let's PRAY &amp; PAY for Kerala! #KeralaFloodRelief #KeralaReliefFund #KeralaFloods #IStandWithKerala 
I DID MY BIT https://t.co/4U1LwauHMc"
1030839427445141507,Sat Aug 18 15:30:46 +0000 2018,Aparna817,"RT @akshaya_aks: Talking Malayalam chennaits

#keralafloods #KeralaFloodRelief https://t.co/kjQF12C9aC"
1030839427273125890,Sat Aug 18 15:30:46 +0000 2018,bhaskar_gbr,"RT @ANI: Yesterday Captain P Rajkumar Shaurya Chakra winched up 26 people from a SeaKing 42B helicopter, in extremely challenging condition‚Ä¶"
1030839429340913664,Sat Aug 18 15:30:46 +0000 2018,Punit_TNT,"R @ @Barani_FOM: A great person has said, 'do good deeds and put them in the river.'
If you're both forcing you to ... Floods, it's a nice thing ...."
1030839428896325637,Sat Aug 18 15:30:46 +0000 2018,Im__Heisenberg,"This is what happening after #KeralaFloods ü§¶üëéüëéüôÜüôÖ
#KeralaFloodRescue https://t.co/PHEPGjkDIl"
1030839430804721664,Sat Aug 18 15:30:47 +0000 2018,jaghujagadeesh1,"RT @dpveuu: Great work ...
Those who haven't donated yet please donate 
#KeralaFloods https://t.co/SVhtSkwlIs"
1030839431555514368,Sat Aug 18 15:30:47 +0000 2018,ShivenduSingh9,"RT @praveenskapoor: Kerala - Our Most Beautiful State is Facing Worst Floods

Let Us All Indians #Donate4Kerala through #PMNRF or #KeralaFl‚Ä¶"
1030839432109125639,Sat Aug 18 15:30:47 +0000 2018,AKHILSURENDAR,"RT @manukumarjain: #Xiaomi is supplying thousands of fully charged Mi PowerBanks to relief camps in #Kerala, with help of @CNNnews18.

Resp‚Ä¶"
1030839433145151489,Sat Aug 18 15:30:47 +0000 2018,mmtradingco25,"RT @MATTSMATTS: Kerala has real leaders, who are on the ground working, not waving at people from airplane!  #IndiaForKerala  #KeralaFloods‚Ä¶"
1030839433791041536,Sat Aug 18 15:30:47 +0000 2018,SureshzeeyaSz,"RT @VISHNU_VICHU_U: Tell us if you need any food ready for 1000 people tomorrow. Anyone in Trissur can reach
Number: ..."
1030839434474741760,Sat Aug 18 15:30:47 +0000 2018,Babu_No_Fear,"RT @VijayFansTrends: Kerala flood relief By Vijay Idhayam Girls Trivandrum District Committee! 
#KeralaFloodRelief #KeralaFloods #DoForKera‚Ä¶"
1030839435108073474,Sat Aug 18 15:30:48 +0000 2018,selvarat2k1,RT @RajiniAjith_FC: #Superstar #Rajinikanth donated Rs.15 lakhs towards the relief fund for the people who are affected by the #KeralaFlood‚Ä¶
1030839436441866240,Sat Aug 18 15:30:48 +0000 2018,nitinuprabhu,"RT @aartic02: I will Donate Rs 2 per RT for #KeralaFloods in next 12 Hours.
Lets Help Our Country Men facing the Wrath of Nature in Kerala.‚Ä¶"
1030839437633105920,Sat Aug 18 15:30:48 +0000 2018,DattuCheers,"RT @akaparnaashok: At Karyavattom university campus based collection centre we are short of following items
1. Water bottles we prefer 1 li‚Ä¶"
1030839437993816064,Sat Aug 18 15:30:48 +0000 2018,bbaraka1,"RT @aartic02: I will Donate Rs 2 per RT for #KeralaFloods in next 12 Hours.
Lets Help Our Country Men facing the Wrath of Nature in Kerala.‚Ä¶"
1030839439310782464,Sat Aug 18 15:30:49 +0000 2018,aniljothomas,"RT @AngellicAribam: #CallingVolunteers willing to help us in database management and translation. Please fill this form. #KeralaFloods
 htt‚Ä¶"
1030839443425390593,Sat Aug 18 15:30:50 +0000 2018,commonmank7,"RT @DaaruBaazMehta: I will Donate Rs 5 per RT for #KeralaFloods 

Tag your Friends and take up the challenge. 

Lets together, help our Bro‚Ä¶"
1031161992449380352,Sun Aug 19 12:52:31 +0000 2018,anundinesh,Salute!
1031161996115357697,Sun Aug 19 12:52:32 +0000 2018,SwalihBinOmar,"RT @Thottu_: Social media, which uses just a whole world of time,
We are changing the malayalees online control rooms in one week ..."
1031161997222600704,Sun Aug 19 12:52:32 +0000 2018,ramks100,"RT @Dr_SimranSingh: If Rahul Gandhi is really looking for Rs 500 crore as subsidy for Kerala then

Do not donate your Arboo property ..."
1031161998271074305,Sun Aug 19 12:52:33 +0000 2018,karthikwtp,RT @Vijay_OWC: On behalf of #VijayOnlineWelfareClub we have done our contribution to the needs.We will have them Always in our prayers #Ker‚Ä¶
1031161999034540033,Sun Aug 19 12:52:33 +0000 2018,kumarajayanand,"RT @AnuMishraBJP: Ker ""did not have"" Jesus ""or"" Allah ""..!

But ...!
Today in the flood situation of ""Rashtriya Swayamsevak Sangh""
""Volunteer"" people are ""in ..."
1031161999156174848,Sun Aug 19 12:52:33 +0000 2018,abid_hussain,RT @akashbanerjee: Did a 90minute @YouTubeIndia #Livestream last night - happy to report that besides the hate-mongering on web - Humanity‚Ä¶
1031163909472903169,Sun Aug 19 13:00:08 +0000 2018,bhakt2019,RT @joele__: Kerala has declared Central Government as a national disaster #KeralaFloods
1031163910756257795,Sun Aug 19 13:00:09 +0000 2018,ksmkkbookscom,RT @megirish2001: Glad and not surprised at all. My 89 year old Garhwal Rifles dad will be happy to see this! Badri Vishal Lal Ki Jai! @ata‚Ä¶
1031163911456796673,Sun Aug 19 13:00:09 +0000 2018,Arunpandeyom,RT @eOrganiser: #Mahrashtra Around 7 L litres of water has been loaded in the wagons for flood victims in Kerala. Each wagon contains aroun‚Ä¶
1031163882432327680,Sun Aug 19 13:00:02 +0000 2018,ZeeNewsTamil,"Prime Minister Narendra Modi has heard about Karnataka flood situation

#KarnatakaRains
#KarnatakaFloods
#Krishna ... https://t.co/YhrrKi2v3j"
1031163911683420160,Sun Aug 19 13:00:09 +0000 2018,PedestrianPoet,Absolute legends.
1031163914564907008,Sun Aug 19 13:00:09 +0000 2018,27kislev5719,"RT @Ibrahim_Alameri: small contribution from me and my family, we have donated 1000 Dirhams (20000 INR),blankets, shoes and school bags to‚Ä¶"
1031164376898625536,Sun Aug 19 13:02:00 +0000 2018,srinivascherry9,"RT @TeluguBiddaUSA: For natural disasters in South India : Modi donates like his hard earned money

For natural disasters in North India :‚Ä¶"
1031164377817276416,Sun Aug 19 13:02:00 +0000 2018,Bhattkh,"RT @IPS_Association: Some photos which demonstrate incredible commitment of #PoliceinKeralaFloods. We salute you. 

@TheKeralaPolice @thebe‚Ä¶"
1031164378991587328,Sun Aug 19 13:02:00 +0000 2018,MoorthiSuthan,"RT @Jananioffl: Open Challenge
Have you finished

#ThalpathyVIJAY - RT

#Other All Actor - FV

#Ajith #Viswasam #Thala #Suriya #Ngk # suriya37 # dh ..."
1031164379566231552,Sun Aug 19 13:02:00 +0000 2018,shivamrajput692,"RT @shuklapinku: Barkaridi is coming ... make this goosebuck by making a gooseberry ... and feed the poor by making the bread of that flour ...
Goats ..."
1031164380967124993,Sun Aug 19 13:02:01 +0000 2018,srshah72,RT @ SengarAjay505: This is the RSS volunteer who is at the forefront to deal with any natural disaster without any discrimination ...
1031164381034242048,Sun Aug 19 13:02:01 +0000 2018,SPJ1810,"RT @avarakai: Show this tweet to any Punjabi of your choice.

My choice: @CestMoiz &amp; @hujodaddy1 https://t.co/qou21U9eTM"
1031164383072804865,Sun Aug 19 13:02:01 +0000 2018,rprasad66,"RT @OnmanoramaLive: Hate and devilish glee in the time of Kerala‚Äôs misery
#KeralaFloods

Read more at: https://t.co/Fy7e4VywHA"
1031164384490348550,Sun Aug 19 13:02:02 +0000 2018,Cawnporiah,RT @India_Tooday: @DrKumarVishwas Make the goat goat's goat and give the symbolic sacrifice and the money saved thus saved the help of Kerala flood victims ...
1031164383232241667,Sun Aug 19 13:02:01 +0000 2018,bvijayrao,"RT @teasri: In a time of great calamity, the people of UP are showing spirit of brotherhood. In contrast, I see assorted media vultures, co‚Ä¶"
1031164384133832705,Sun Aug 19 13:02:01 +0000 2018,SajidHabibi,"RT @ZebaFatimareal: O Allah! Ata Firma, sitting on the seashore, helped the troubled people in the #KeralaFloods of his beloved Prophet Hazrat Muhammad Ô∑∫"
1031164384939335681,Sun Aug 19 13:02:02 +0000 2018,Fact_Picss,RT @Fact_Picss: Deeply saddened by the loss of valuable lives &amp; mass destruction caused by the Kerala Floods. @Fact_Picss prays for the saf‚Ä¶
1031164386419695618,Sun Aug 19 13:02:02 +0000 2018,goyal10098,"RT @MODIfiedVikas: While we all are doing their bit to help your brethren in Kerala, some people are playing politics. For people who are ask‚Ä¶"
1031164387355025409,Sun Aug 19 13:02:02 +0000 2018,Suvarna_Haridas,"RT @mallucomrade: The Sikh community has always been in the forefront when it comes to helping people. 

@Khalsa_Aid known for their humani‚Ä¶"
1031164388323950593,Sun Aug 19 13:02:02 +0000 2018,DhurendraMahat2,RT @mkatju: Linking #KeralaFloods to Sabarimala https://t.co/4dizw40oTh
1031164390219776000,Sun Aug 19 13:02:03 +0000 2018,RudraTheStorm,"@TheAshokSingh Agreedüëç
‡§ï‡•É‡§™‡§ø‡§Ø‡§æ ‡§∏‡§≠‡•Ä ‡§¶‡§æ‡§®‡§µ‡•Ä‡§∞ ‡§ï‡§∞‡•ç‡§£ ...‡§Ö‡§™‡§®‡•Ä ‡§∏‡§π‡§æ‡§Ø‡§§‡§æ ‡§™‡•ç‡§∞‡§ß‡§æ‡§®‡§Æ‡§Ç‡§§‡•ç‡§∞‡•Ä ‡§∞‡§æ‡§π‡§§ ‡§ï‡•ã‡§∑ ‡§Æ‡•á‡§Ç ‡§π‡•Ä ‡§¶‡•á‡•§
https://t.co/G7rDKnoSQM"
1031166488823005184,Sun Aug 19 13:10:23 +0000 2018,ippatel,"RT @AhmAsmiYodha: ~USD 40,000 in 2 days üïâÔ∏èüôè
Naman to all 704 donors who have come forward with open hearts

&gt;@Sewa_Global is active in 14+‚Ä¶"
1031166489334669313,Sun Aug 19 13:10:23 +0000 2018,Deekshithashet2,"RT @instormers_wow: Dear God's own country,
We know you are in dark times, but eventually the lights will find a way and you will regain yo‚Ä¶"
1031166491146821633,Sun Aug 19 13:10:24 +0000 2018,anandaditya,RT @CMOKerala: Attention:Efforts are in progress to save even the last person stranded. Many of the requests coming to helpline numbers are‚Ä¶
1031166491733815296,Sun Aug 19 13:10:24 +0000 2018,deepakpande77,"RT @Harinathreddy_c: Let's pray for Kerala..

#KeralaFloods #KeralaFloodRelief #KeralaReliefFund https://t.co/R3JcHTCrdd"
1031166491809308672,Sun Aug 19 13:10:24 +0000 2018,iamatif69,"@@@@@@@@@@@@@@@@@@@@
Heart is so so
This is humanity,
this is life.

Shahrukh Khan's fan to Salute!
#Kerala‚Ä¶"
1031166494820904960,Sun Aug 19 13:10:25 +0000 2018,Sanjeev41357607,RT @ Nasitaramam: Sharing a deletion details for today # Keralafloods @ simoccalam @ dhindu @ malayalanarmarma @ psychoanalytics it's @ mathrubhumi ...
1031166497278722048,Sun Aug 19 13:10:25 +0000 2018,MohammadMoin,"RT @Intellectroll: 'Dushman desh ke wasi' vs 'mere priya Bhartiya'

In the past few days, many Indians have openly cheered the devastating‚Ä¶"
1031166497467629568,Sun Aug 19 13:10:25 +0000 2018,Narcisa33440177,RT @FarrukhNaeem: Great seeing #UAE leadership at the forefront working with #India for #KeralaFloodRelief... @HHShkMohd is tweeting in Eng‚Ä¶
1031166498918686721,Sun Aug 19 13:10:26 +0000 2018,PrakashOffl,"RT @HPCL: #HPGas deliveryman is #ManOnMission to ensure #LPG cylinder delivery to every nook &amp; corner of flood affeceted areas in Kerala
Te‚Ä¶"
1031166499778703362,Sun Aug 19 13:10:26 +0000 2018,lokeshntr99,RT @BangloreNTRFans: Young Tiger #NTR has announced ‚Çπ25 Lakhs and #KalyanRam has announced ‚Çπ10 Lakhs towards Kerala CM's Distress Relief Fu‚Ä¶
1031166500579823618,Sun Aug 19 13:10:26 +0000 2018,aipcjaipur,RT @SachinPilot: #Kerala is witnessing one of it‚Äôs most scary flooding in 90 years. The death toll reaching 167 is concerning.  I pray for‚Ä¶
1031166501104111617,Sun Aug 19 13:10:26 +0000 2018,tolerantindians,"RT @khansamar99: I will Donate Rs 5 per RT for #KeralaFloods in next 24 Hours.
Lets Help Our Country Men facing the Wrath of Nature in Kera‚Ä¶"
1031166501695438848,Sun Aug 19 13:10:26 +0000 2018,johnthackara,RT @UnwindingBlues: We're putting together a list of #KeralaFloods relief efforts in #Bangalore . The info is fast-changing ‚Äì a collection‚Ä¶
1031166506967556096,Sun Aug 19 13:10:28 +0000 2018,BasithDQ,"RT @SaneshDulQuer: Successful .........

Beaten okhi .........

Once again, the nature of their head

# salute ..."
1031166507135524865,Sun Aug 19 13:10:28 +0000 2018,Modhgil,#KeralaFloods donate directly to folks on the ground. Every little helps. I can personally vouch for this org.‚Ä¶ https://t.co/571bux2On6
1031166508678840321,Sun Aug 19 13:10:28 +0000 2018,Itz_AnjuPriya,"RT @Maathevan: Tamil Nadu Transport Staffs Association decides to contribute their one-day salary towards Kerala flood relief. ‚ù§Ô∏è

#KeralaR‚Ä¶"
1031166509022818304,Sun Aug 19 13:10:28 +0000 2018,molla_baig,"RT @MoviePlanet8: Bangalore #MaheshBabu Fans  Donated Biscuits Milk Water Bottle Etc To #KeralaFloodRelief üëèüëè 

#KeralaFloods #DoForKerala‚Ä¶"
1031166509844914183,Sun Aug 19 13:10:28 +0000 2018,krishna185781,RT @dileep__rockzz: üôèüôèüôèüôèüôèüôèüôèüôè https://t.co/tMvikw5CU8
1031166510881013761,Sun Aug 19 13:10:28 +0000 2018,Nag2226,RT @ActorNagaBabu: Here‚Äôs the common DP for Megastar Chiranjeevi Garu birthday supporting #KeralaFloods. This year on the occasion of his b‚Ä¶
1031166513418514432,Sun Aug 19 13:10:29 +0000 2018,americakaran,"RT @americakaran: Kerala, #BoycottTimesofIndia Their inhumane mockery of us while most of India ignored us, doesn't deserve our patronage.‚Ä¶"
1031177006560423936,Sun Aug 19 13:52:11 +0000 2018,krishkartikeyan,"small contribution from me and my family, we have donated 1000 Dirhams (20000 INR),blankets, shoes and school bags to flood affected people of #Kerala remember they contributed to UAE development I urge friends &amp; fellows to contribute
#KeralaFloods 
#UAEStandsWithKerala https://t.co/GXm6zAh50N"
1031177008657518592,Sun Aug 19 13:52:11 +0000 2018,PPanduprem,Supreme court judges may like to see if there is any connection between the case and what is happening in Sabarimala. Even if there is one in a million chance of a link people would not like the case decided against Ayyappan. https://t.co/0k1818QZGU
